"id";"@type";"year";"title";"genre";"contentRating";"description";"datePublished";"keywords";"duration";"rtng_all_v";"rtng_all_r";"rtng_<18_v";"rtng_<18_r";"rtng_18-29_v";"rtng_18-29_r";"rtng_30-44_v";"rtng_30-44_r";"rtng_45+_v";"rtng_45+_r";"rtng_males_v";"rtng_males_r";"rtng_m<18_v";"rtng_m<18_r";"rtng_m18-29_v";"rtng_m18-29_r";"rtng_m30-44_v";"rtng_m30-44_r";"rtng_m45+_v";"rtng_m45+_r";"rtng_females_v";"rtng_females_r";"rtng_f<18_v";"rtng_f<18_r";"rtng_f18-29_v";"rtng_f18-29_r";"rtng_f30-44_v";"rtng_f30-44_r";"rtng_f45+_v";"rtng_f45+_r"
"tt4154756";"Movie";2018;"Avengers: Infinity War";"Action,Adventure,Sci-Fi";"PG-13";"Avengers: Infinity War is a movie starring Robert Downey Jr., Chris Hemsworth, and Mark Ruffalo. The Avengers and their allies must be willing to sacrifice all in an attempt to defeat the powerful Thanos before his blitz of...";"2018-04-25";"death of recurring character,supervillain,superhero,ensemble cast,iron man character";"PT2H29M";617498;8.5;4619;9.0;183433;8.6;151129;8.3;31159;8.1;363213;8.5;3566;9.0;149779;8.6;128372;8.3;26031;8.1;61932;8.5;637;9.1;28316;8.5;19523;8.3;4346;8.2
"tt1825683";"Movie";2018;"Black Panther";"Action,Adventure,Sci-Fi";"PG-13";"Black Panther is a movie starring Chadwick Boseman, Michael B. Jordan, and Lupita Nyong'o. T'Challa, heir to the hidden but advanced kingdom of Wakanda, must step forward to lead his people into a new future and must confront a...";"2018-02-13";"king,fictional african country,marvel cinematic universe,superhero,marvel comics";"PT2H14M";491026;7.3;2386;7.9;134794;7.5;135481;7.1;32471;7.1;280055;7.2;1756;7.8;104145;7.4;111990;7.0;26147;7.0;63064;7.8;408;8.5;26970;7.9;20918;7.7;5585;7.8
"tt5463162";"Movie";2018;"Deadpool 2";"Action,Adventure,Comedy,Sci-Fi";"R";"Deadpool 2 is a movie starring Ryan Reynolds, Josh Brolin, and Morena Baccarin. Foul-mouthed mutant mercenary Wade Wilson (AKA. Deadpool), brings together a team of fellow mutant rogues to protect a young boy with supernatural...";"2018-05-15";"slender girl,reference to canada,leggy girl,japanese girl,aeroplane";"PT1H59M";371771;7.8;1838;8.3;108618;7.8;106916;7.6;22070;7.6;224246;7.7;1395;8.3;86593;7.8;90935;7.6;18749;7.6;40801;7.9;253;8.5;18787;7.9;13872;7.8;2815;7.9
"tt1727824";"Movie";2018;"Bohemian Rhapsody";"Biography,Drama,Music";"PG-13";"Bohemian Rhapsody is a movie starring Rami Malek, Lucy Boynton, and Gwilym Lee. The story of the legendary rock band Queen and lead singer Freddie Mercury, leading up to their famous performance at Live Aid (1985).";"2018-10-24";"bisexual male,aids,rock band,live aid,music band";"PT2H14M";320492;8.1;1524;8.3;84787;8.0;93390;8.0;29175;8.2;167467;7.9;879;8.0;56453;7.8;69804;7.9;21312;8.1;58980;8.5;364;9.1;23783;8.6;20531;8.4;6736;8.7
"tt1677720";"Movie";2018;"Ready Player One";"Action,Adventure,Sci-Fi";"PG-13";"Ready Player One is a movie starring Tye Sheridan, Olivia Cooke, and Ben Mendelsohn. When the creator of a virtual reality world called the OASIS dies, he releases a video in which he challenges all OASIS users to find his Easter...";"2018-03-28";"capitalism,tattooed trash,mini skirt,slit skirt,thin woman";"PT2H20M";291798;7.5;1237;7.8;75777;7.6;92907;7.4;21167;7.4;181041;7.5;952;7.7;61699;7.6;80263;7.4;18263;7.4;29599;7.5;189;7.9;12345;7.5;10970;7.4;2420;7.5
"tt6644200";"Movie";2018;"A Quiet Place";"Drama,Horror,Mystery,Sci-Fi,Thriller";"PG-13";"A Quiet Place is a movie starring Emily Blunt, John Krasinski, and Millicent Simmonds. In a post-apocalyptic world, a family is forced to live in silence while hiding from monsters with ultra-sensitive hearing.";"2018-04-03";"survival,sign language,deafness,silence,post apocalypse";"PT1H30M";291297;7.6;986;7.8;81827;7.7;87061;7.4;19791;7.4;165888;7.5;686;7.8;60935;7.7;70823;7.4;16020;7.3;42236;7.7;215;7.9;18830;7.8;14667;7.6;3351;7.7
"tt1270797";"Movie";2018;"Venom";"Action,Sci-Fi,Thriller";"PG-13";"Venom is a movie starring Tom Hardy, Michelle Williams, and Riz Ahmed. A failed reporter is bonded to an alien entity, one of many symbiotes who have invaded Earth. But the being takes a liking to Earth and decides to protect it.";"2018-10-02";"marvel comics,anti hero,british actor playing american character,sony spiderverse,superhero";"PT1H52M";256942;6.8;1510;7.2;75060;6.8;72326;6.6;14270;6.7;152652;6.7;1102;7.0;58812;6.7;60955;6.6;11918;6.6;28193;7.2;204;7.8;12728;7.3;9450;7.1;1888;7.3
"tt1517451";"Movie";2018;"A Star Is Born";"Drama,Music,Romance";"R";"A Star Is Born is a movie starring Lady Gaga, Bradley Cooper, and Sam Elliott. A musician helps a young singer find fame as age and alcoholism send his own career into a downward spiral.";"2018-10-03";"alcoholism,singer songwriter,alcoholic,singer,tinnitus";"PT2H16M";230713;7.8;916;8.3;67517;7.9;65674;7.6;18640;7.7;117846;7.7;469;8.2;43934;7.9;47626;7.5;13025;7.6;46912;7.9;276;8.4;19999;8.0;15984;7.8;4877;8.1
"tt1477834";"Movie";2018;"Aquaman";"Action,Adventure,Fantasy,Sci-Fi";"PG-13";"Aquaman is a movie starring Jason Momoa, Amber Heard, and Willem Dafoe. Arthur Curry, the human-born heir to the underwater kingdom of Atlantis, goes on a quest to prevent a war between the worlds of ocean and land.";"2018-12-07";"dc comics,based on comic book,ocean,king,pirate";"PT2H23M";226987;7.2;1189;7.7;63237;7.3;65001;7.0;14926;7.0;130614;7.1;757;7.6;48008;7.3;53210;7.0;11903;6.9;26597;7.3;129;7.5;10940;7.3;9496;7.1;2389;7.3
"tt4912910";"Movie";2018;"Mission: Impossible - Fallout";"Action,Adventure,Thriller";"PG-13";"Mission: Impossible - Fallout is a movie starring Tom Cruise, Henry Cavill, and Ving Rhames. Ethan Hunt and his IMF team, along with some familiar allies, race against time after a mission gone wrong.";"2018-07-25";"sequel,ethan hunt character,violence,gun,spy";"PT2H27M";224406;7.8;876;8.5;57595;8.0;71472;7.6;18442;7.6;145372;7.8;726;8.5;49943;8.0;63264;7.6;15825;7.6;17724;7.6;85;8.0;6336;7.7;6930;7.5;2196;7.7
"tt2798920";"Movie";2018;"Annihilation";"Adventure,Drama,Horror,Mystery,Sci-Fi,Thriller";"R";"Annihilation is a movie starring Natalie Portman, Jennifer Jason Leigh, and Tessa Thompson. A biologist signs up for a dangerous, secret expedition into a mysterious zone where the laws of nature don't apply.";"2018-02-23";"coma,expedition,based on novel,lighthouse,dna";"PT1H55M";221076;6.9;444;7.4;57097;7.1;78336;6.8;18196;6.5;139551;6.9;341;7.4;44969;7.2;66250;6.8;15669;6.5;26696;6.8;75;7.1;10939;7.0;10721;6.7;2173;6.5
"tt5095030";"Movie";2018;"Ant-Man and the Wasp";"Action,Adventure,Comedy,Sci-Fi";"PG-13";"Ant-Man and the Wasp is a movie starring Paul Rudd, Evangeline Lilly, and Michael Peña. As Scott Lang balances being both a Super Hero and a father, Hope van Dyne and Dr. Hank Pym present an urgent new mission that finds the Ant-Man...";"2018-07-04";"action heroine,car chase,house arrest,truth serum,based on comic book";"PT1H58M";218249;7.1;1137;7.4;60177;7.1;66489;7.0;15099;7.1;135196;7.1;851;7.3;49269;7.1;57426;7.0;12981;7.1;21558;7.3;181;7.9;9234;7.4;7770;7.3;1760;7.4
"tt3778644";"Movie";2018;"Solo: A Star Wars Story";"Action,Adventure,Fantasy,Sci-Fi";"PG-13";"Solo: A Star Wars Story is a movie starring Alden Ehrenreich, Woody Harrelson, and Emilia Clarke. During an adventure into the criminal underworld, Han Solo meets his future co-pilot Chewbacca and encounters Lando Calrissian years...";"2018-05-23";"spin off,star wars,prequel,millennium falcon,wookiee";"PT2H15M";215938;7.0;778;7.0;49002;7.0;71544;6.9;21770;7.1;139086;7.0;642;7.0;41543;6.9;63184;6.9;18970;7.1;17757;7.1;76;7.2;6335;7.1;7040;7.0;2325;7.2
"tt4154664";"Movie";2019;"Captain Marvel";"Action,Adventure,Sci-Fi";"PG-13";"Captain Marvel is a movie starring Brie Larson, Samuel L. Jackson, and Ben Mendelsohn. Carol Danvers becomes one of the universe's most powerful heroes when Earth is caught in the middle of a galactic war between two alien races.";"2019-03-06";"superhero,marvel cinematic universe,nick fury character,supernatural power,based on comic book";"PT2H3M";215817;7.2;1211;7.5;59163;7.2;58106;7.1;12905;7.2;123564;7.0;835;7.3;46048;7.0;48127;7.0;10698;7.1;23682;7.8;153;8.2;10122;7.8;8276;7.8;1785;7.9
"tt4881806";"Movie";2018;"Jurassic World: Fallen Kingdom";"Action,Adventure,Sci-Fi";"PG-13";"Jurassic World: Fallen Kingdom is a movie starring Chris Pratt, Bryce Dallas Howard, and Rafe Spall. When the island's dormant volcano begins roaring to life, Owen and Claire mount a campaign to rescue the remaining dinosaurs from...";"2018-06-06";"dinosaur,raptor,island,sequel,genetic engineering";"PT2H8M";209768;6.2;910;6.6;52152;6.3;69468;6.1;15889;6.3;126906;6.1;668;6.5;40848;6.2;58534;6.0;13338;6.3;25141;6.6;160;7.3;9968;6.7;9659;6.5;2203;6.7
"tt2737304";"Movie";2018;"Bird Box";"Drama,Horror,Sci-Fi,Thriller";"R";"Bird Box is a movie starring Sandra Bullock, Trevante Rhodes, and John Malkovich. Five years after an ominous unseen presence drives most of society to suicide, a mother and her two children make a desperate bid to reach safety.";"2018-11-21";"suicide,invisible creature,survival,supermarket,parakeet";"PT2H4M";205357;6.6;870;7.0;54861;6.7;63800;6.6;15528;6.6;110748;6.5;433;6.6;36849;6.6;49308;6.5;12000;6.5;34319;7.0;204;7.5;14512;7.1;12426;7.0;2992;7.1
"tt3606756";"Movie";2018;"Incredibles 2";"Animation,Action,Adventure,Comedy,Family,Sci-Fi";"PG";"Incredibles 2 is a movie starring Craig T. Nelson, Holly Hunter, and Sarah Vowell. The Incredibles hero family takes on a new mission, which involves a change in family roles: Bob Parr (Mr Incredible) must manage the house while his...";"2018-06-13";"computer animation,superheroine,superhero team,stay at home dad,public relations";"PT1H58M";192811;7.7;1175;8.1;61698;7.8;46854;7.5;12199;7.6;108256;7.7;791;8.1;46305;7.8;38887;7.5;10119;7.6;25359;7.9;231;8.5;13222;8.0;6913;7.7;1753;7.8
"tt4633694";"Movie";2018;"Spider-Man: Into the Spider-Verse";"Animation,Action,Adventure,Family,Sci-Fi";"PG";"Spider-Man: Into the Spider-Verse is a movie starring Shameik Moore, Jake Johnson, and Hailee Steinfeld. Teen Miles Morales becomes Spider-Man of his reality, crossing his path with five counterparts from other dimensions to stop a...";"2018-12-12";"teenage superhero,marvel comics,multiverse,interdimensional travel,black superhero";"PT1H57M";174084;8.5;1231;9.0;55364;8.6;43273;8.3;8717;8.0;103946;8.5;860;8.9;45431;8.6;37673;8.3;7402;8.0;14883;8.6;136;9.1;7386;8.8;4437;8.5;993;8.1
"tt6966692";"Movie";2018;"Green Book";"Biography,Comedy,Drama,Music";"PG-13";"Green Book is a movie starring Viggo Mortensen, Mahershala Ali, and Linda Cardellini. A working-class Italian-American bouncer becomes the driver of an African-American classical pianist on a tour of venues through the 1960s...";"2018-11-16";"musician,segregation,christmas,friendship,1960s";"PT2H10M";172492;8.3;535;8.4;47993;8.3;52414;8.2;15548;8.2;99206;8.2;372;8.3;35692;8.3;41614;8.1;11948;8.2;25621;8.4;76;8.8;10227;8.5;9453;8.3;3084;8.6
"tt1365519";"Movie";2018;"Tomb Raider";"Action,Adventure,Fantasy,Thriller";"PG-13";"Tomb Raider is a movie starring Alicia Vikander, Dominic West, and Walton Goggins. Lara Croft, the fiercely independent daughter of a missing adventurer, must push herself beyond her limits when she discovers the island where her...";"2018-03-07";"hard body,b cup,thin girl,feminine hair,cleavage";"PT1H59M";158277;6.3;436;6.7;39932;6.4;53338;6.2;12822;6.3;97775;6.3;330;6.6;31013;6.4;45734;6.2;11170;6.3;18666;6.5;86;6.8;8300;6.7;6805;6.4;1408;6.5
"tt2704998";"Movie";2018;"Game Night";"Action,Comedy,Crime,Mystery";"R";"Game Night is a movie starring Jason Bateman, Rachel McAdams, and Kyle Chandler. A group of friends who meet regularly for game nights find themselves entangled in a real-life mystery when the shady brother of one of them is...";"2018-02-15";"board game,game,kidnapping,black comedy,husband wife relationship";"PT1H40M";156634;7.0;392;7.5;42707;7.1;51572;6.8;11960;6.8;93737;6.9;283;7.5;32839;7.1;42781;6.8;9796;6.8;21399;7.0;81;7.7;9113;7.1;8034;6.9;1952;7.1
"tt4123430";"Movie";2018;"Fantastic Beasts: The Crimes of Grindelwald";"Adventure,Family,Fantasy";"PG-13";"Fantastic Beasts: The Crimes of Grindelwald is a movie starring Eddie Redmayne, Katherine Waterston, and Dan Fogler. The second installment of the "Fantastic Beasts" series featuring the adventures of Magizoologist Newt Scamander.";"2018-11-14";"witch,magical creature,sequel,wizard,murder";"PT2H14M";150620;6.7;724;6.8;50050;6.7;38273;6.6;8518;6.6;80531;6.5;423;6.5;35087;6.6;29314;6.5;6646;6.5;25563;7.1;164;7.6;12689;7.1;7973;7.1;1577;7.1
"tt7784604";"Movie";2018;"Hereditary";"Drama,Horror,Mystery,Thriller";"R";"Hereditary is a movie starring Toni Collette, Milly Shapiro, and Gabriel Byrne. After the family matriarch passes away, a grieving family is haunted by tragic and disturbing occurrences, and begin to unravel dark secrets.";"2018-06-07";"anaphylaxis,psychological horror,male frontal nudity,decapitation,miniature art";"PT2H7M";142690;7.3;410;7.9;40615;7.5;45329;7.1;10808;6.7;84767;7.3;287;8.1;31014;7.6;36988;7.2;8772;6.7;20047;6.9;81;6.8;8524;7.1;7467;6.8;1792;6.3
"tt5164214";"Movie";2018;"Ocean's Eight";"Action,Comedy,Crime,Thriller";"PG-13";"Ocean's Eight is a movie starring Sandra Bullock, Cate Blanchett, and Anne Hathaway. Debbie Ocean gathers an all-female crew to attempt an impossible heist at New York City's yearly Met Gala.";"2018-06-07";"slit skirt,released from jail,hacker,vomiting,desi";"PT1H50M";136345;6.2;459;6.9;36741;6.5;42255;6.1;11605;6.1;70038;6.0;223;6.6;22372;6.2;31772;5.9;8951;6.0;28894;6.8;167;7.6;13252;7.0;9629;6.7;2398;6.7
"tt7349662";"Movie";2018;"BlacKkKlansman";"Biography,Crime,Drama";"R";"BlacKkKlansman is a movie starring John David Washington, Adam Driver, and Laura Harrier. Ron Stallworth, an African American police officer from Colorado Springs, CO, successfully manages to infiltrate the local Ku Klux Klan branch...";"2018-08-09";"ku klux klan,white supremacy,undercover cop,racism,black panther";"PT2H15M";133877;7.5;371;8.1;37696;7.7;42004;7.4;11896;7.4;81051;7.5;287;8.0;29424;7.6;34804;7.3;9479;7.3;17449;7.7;53;8.2;7145;7.8;6355;7.6;2139;7.8
"tt2873282";"Movie";2018;"Red Sparrow";"Action,Drama,Thriller";"R";"Red Sparrow is a movie starring Jennifer Lawrence, Joel Edgerton, and Matthias Schoenaerts. Ballerina Dominika Egorova is recruited to 'Sparrow School,' a Russian intelligence service where she is forced to use her body as a weapon....";"2018-02-28";"hottie,feminine wiles,spread eagle,seduction,thin girl";"PT2H20M";132678;6.6;275;6.8;32028;6.7;45104;6.5;13429;6.6;77337;6.6;171;6.6;21842;6.6;36545;6.5;11335;6.6;21809;6.7;80;7.2;9588;6.8;7799;6.6;1818;6.5
"tt1213641";"Movie";2018;"First Man";"Biography,Drama,History";"PG-13";"First Man is a movie starring Ryan Gosling, Claire Foy, and Jason Clarke. A look at the life of the astronaut, Neil Armstrong, and the legendary space mission that led him to become the first man to walk on the Moon on July 20, 1969.";"2018-10-10";"moon landing,astronaut,1960s,nasa,rocket";"PT2H21M";111870;7.4;366;7.9;29948;7.6;36043;7.2;10688;7.1;71349;7.4;284;8.0;24730;7.6;30897;7.2;9030;7.1;11404;7.2;52;8.0;4416;7.4;4430;7.1;1395;7.1
"tt2231461";"Movie";2018;"Rampage";"Action,Adventure,Sci-Fi";"PG-13";"Rampage is a movie starring Dwayne Johnson, Naomie Harris, and Malin Akerman. When three different animals become infected with a dangerous pathogen, a primatologist and a geneticist team up to stop them from destroying Chicago.";"2018-04-11";"based on video game,giant wolf,corporate corruption,destruction,genetic experiment";"PT1H47M";111557;6.1;683;6.9;25200;6.1;37713;6.0;10452;6.2;69582;6.0;511;6.8;20857;6.0;32734;6.0;8536;6.1;11508;6.5;144;7.7;3928;6.5;4409;6.3;1746;6.9
"tt4779682";"Movie";2018;"The Meg";"Action,Horror,Sci-Fi,Thriller";"PG-13";"The Meg is a movie starring Jason Statham, Bingbing Li, and Rainn Wilson. After escaping an attack by what he claims was a 70-foot shark, Jonas Taylor must confront his fears to save those trapped in a sunken submersible.";"2018-08-08";"deep sea,great white shark,prehistoric animal,based on novel,megalodon";"PT1H53M";104853;5.7;486;6.1;23902;5.8;35365;5.6;10312;5.8;63447;5.7;321;5.9;18231;5.7;29739;5.6;8681;5.8;12416;5.9;91;7.0;4599;5.9;4822;5.8;1385;6.2
"tt5083738";"Movie";2018;"The Favourite";"Biography,Comedy,Drama,History";"R";"The Favourite is a movie starring Olivia Colman, Emma Stone, and Rachel Weisz. In early 18th century England, a frail Queen Anne occupies the throne and her close friend, Lady Sarah, governs the country in her stead. When a new...";"2018-12-21";"dragged by a horse,throwing blood oranges at someone,aristocracy,female rivalry,wig";"PT1H59M";103625;7.7;278;8.3;29676;7.8;31248;7.5;10371;7.3;56505;7.6;195;8.3;20708;7.9;23324;7.5;7742;7.4;19348;7.6;59;8.2;7946;7.7;7180;7.5;2329;7.3
"tt5104604";"Movie";2018;"Isle of Dogs";"Animation,Adventure,Comedy,Drama,Fantasy,Sci-Fi";"PG-13";"Isle of Dogs is a movie starring Bryan Cranston, Koyu Rankin, and Edward Norton. Set in Japan, Isle of Dogs follows a boy's odyssey in search of his lost dog.";"2018-03-30";"robot,dog,japan,stop motion animation,man's best friend";"PT1H41M";103392;7.9;349;8.4;30617;8.0;30163;7.7;7361;7.6;59849;7.8;270;8.3;23786;8.0;24914;7.7;5939;7.6;13708;8.1;58;8.7;6226;8.2;4724;8.0;1291;7.8
"tt6155172";"Movie";2018;"Roma";"Drama";"R";"Roma is a movie starring Yalitza Aparicio, Marina de Tavira, and Diego Cortina Autrey. A year in the life of a middle-class family's maid in Mexico City in the early 1970s.";"2018-11-21";"1970s,male full frontal nudity,nanny,mexico city,mopping a floor";"PT2H15M";100791;7.8;325;8.4;28061;8.0;30963;7.6;9704;7.6;59151;7.8;240;8.4;21373;8.0;24788;7.6;7652;7.6;14233;7.8;56;8.0;5661;7.9;5304;7.7;1761;7.6
"tt6499752";"Movie";2018;"Upgrade";"Action,Sci-Fi,Thriller";"R";"Upgrade is a movie starring Logan Marshall-Green, Melanie Vallejo, and Steve Danielsen. Set in the near-future, technology controls nearly all aspects of life. But when Grey, a self-identified technophobe, has his world turned...";"2018-06-01";"microchip,dystopia,revenge,surgery,artificial intelligence";"PT1H40M";98287;7.6;209;7.9;24319;7.7;36716;7.5;8069;7.3;67561;7.6;185;7.9;21246;7.7;32897;7.5;7154;7.3;7439;7.4;15;7.4;2635;7.5;3244;7.3;760;7.4
"tt6823368";"Movie";2019;"Glass";"Drama,Sci-Fi,Thriller";"PG-13";"Glass is a movie starring James McAvoy, Bruce Willis, and Samuel L. Jackson. Security guard David Dunn uses his supernatural abilities to track Kevin Wendell Crumb, a disturbed man who has twenty-four personalities.";"2019-01-16";"supernatural power,dissociative identity disorder,third part,super villain,violence";"PT2H9M";93756;6.9;392;6.9;25624;6.9;29134;6.8;6369;6.8;55200;6.8;269;6.7;19483;6.9;24173;6.8;5226;6.7;11026;7.1;47;7.3;4692;7.0;4015;7.0;907;7.3
"tt3766354";"Movie";2018;"The Equalizer 2";"Action,Crime,Thriller";"R";"The Equalizer 2 is a movie starring Denzel Washington, Pedro Pascal, and Ashton Sanders. Robert McCall serves an unflinching justice for the exploited and oppressed, but how far will he go when that is someone he loves?";"2018-07-19";"brussels belgium,woman fights a man,slutty attitude,whore,harlot";"PT2H1M";89981;6.7;135;7.4;18846;6.8;33276;6.6;9910;6.8;61294;6.7;110;7.3;16733;6.7;29963;6.6;8602;6.8;6343;7.1;13;7.8;1716;7.1;2731;6.9;1096;7.3
"tt5052474";"Movie";2018;"Sicario: Day of the Soldado";"Action,Crime,Drama,Thriller";"R";"Sicario: Day of the Soldado is a movie starring Benicio Del Toro, Josh Brolin, and Isabela Moner. The drug war on the U.S.-Mexico border has escalated as the cartels have begun trafficking terrorists across the US border. To fight...";"2018-06-27";"somalia,desert,cartel,gunfight,shootout";"PT2H2M";89636;7.1;107;7.3;20201;7.1;33916;7.0;8959;7.1;63439;7.1;95;7.2;18479;7.1;31260;7.0;8096;7.1;4713;7.0;9;7.9;1371;7.0;2159;7.0;715;7.2
"tt7668870";"Movie";2018;"Searching";"Drama,Mystery,Thriller";"PG-13";"Searching is a movie starring John Cho, Debra Messing, and Joseph Lee. After his 16-year-old daughter goes missing, a desperate father breaks into her laptop to look for clues to find her.";"2018-08-08";"internet,father,missing person,father daughter relationship,social media";"PT1H42M";89434;7.7;279;8.2;25771;7.8;28291;7.6;6185;7.4;53436;7.7;215;8.2;19764;7.9;23314;7.6;4982;7.3;12462;7.7;41;8.0;5385;7.8;4447;7.6;1048;7.8
"tt3829266";"Movie";2018;"The Predator";"Action,Adventure,Sci-Fi,Thriller";"R";"The Predator is a movie starring Boyd Holbrook, Trevante Rhodes, and Jacob Tremblay. When a young boy accidentally triggers the universe's most lethal hunters' return to Earth, only a ragtag crew of ex-soldiers and a disgruntled...";"2018-09-12";"gore,violence,black comedy,soldier,autism";"PT1H47M";88549;5.4;223;5.9;17547;5.5;35246;5.3;8407;5.5;60774;5.4;165;5.7;15203;5.5;32061;5.3;7472;5.5;5540;5.6;23;7.0;1704;5.6;2486;5.6;704;5.8
"tt4500922";"Movie";2018;"Maze Runner: The Death Cure";"Action,Sci-Fi,Thriller";"PG-13";"Maze Runner: The Death Cure is a movie starring Dylan O'Brien, Ki Hong Lee, and Kaya Scodelario. Young hero Thomas embarks on a mission to find a cure for a deadly disease known as "The Flare".";"2018-01-17";"human experimentation,virus,post apocalypse,infection,dystopia";"PT2H23M";88315;6.2;571;7.2;25299;6.4;25892;6.0;6092;6.1;51703;6.1;360;6.8;18700;6.3;21791;6.0;5233;6.0;12468;6.6;178;8.2;6171;6.8;3710;6.4;753;6.4
"tt3104988";"Movie";2018;"Crazy Rich Asians";"Comedy,Romance";"PG-13";"Crazy Rich Asians is a movie starring Constance Wu, Henry Golding, and Michelle Yeoh. This contemporary romantic comedy, based on a global bestseller, follows native New Yorker Rachel Chu to Singapore to meet her boyfriend's family.";"2018-08-15";"nouveau riche,materialism,gold digging,chinaman,chinawoman";"PT2H";86616;7.0;287;7.5;24373;7.1;24462;6.8;7978;6.9;41028;6.8;115;7.2;14074;7.0;17142;6.7;5734;6.8;20820;7.3;107;7.9;9329;7.4;6770;7.1;2012;7.3
"tt9495224";"Movie";2018;"Black Mirror: Bandersnatch";"Drama,Mystery,Sci-Fi,Thriller";"TV-MA";"Black Mirror: Bandersnatch is a movie starring Fionn Whitehead, Craig Parkinson, and Alice Lowe. In 1984, a young programmer begins to question reality as he works to adapt a fantasy novel into a video game.";"2018-12-28";"interactive movie,1980s,videogame,gamebook,interactive";"PT1H30M";86479;7.3;434;7.8;27916;7.4;24017;7.1;4366;6.8;49745;7.2;285;7.8;20859;7.4;19790;7.1;3662;6.7;11522;7.4;95;8.0;5914;7.5;3621;7.2;562;7.0
"tt2557478";"Movie";2018;"Pacific Rim: Uprising";"Action,Adventure,Sci-Fi";"PG-13";"Pacific Rim: Uprising is a movie starring John Boyega, Scott Eastwood, and Cailee Spaeny. Jake Pentecost, son of Stacker Pentecost, reunites with Mako Mori to lead a new generation of Jaeger pilots, including rival Lambert and...";"2018-03-21";"sea doo,woman with masculine short hair,woman with masculine hair,chinawoman,chinaman";"PT1H51M";86408;5.6;254;5.5;20617;5.7;31555;5.6;7205;5.6;58488;5.6;221;5.5;17766;5.6;28138;5.5;6412;5.6;7029;5.9;22;6.6;2554;5.9;2934;5.8;666;5.9
"tt5814060";"Movie";2018;"The Nun";"Horror,Mystery,Thriller";"R";"The Nun is a movie starring Demián Bichir, Taissa Farmiga, and Jonas Bloquet. A priest with a haunted past and a novice on the threshold of her final vows are sent by the Vatican to investigate the death of a young nun in Romania...";"2018-09-05";"spin off,priest,the conjuring universe,nun,violence";"PT1H36M";83566;5.4;561;5.8;26022;5.4;22287;5.3;4554;5.4;46355;5.4;357;5.6;18754;5.4;17778;5.3;3671;5.4;12398;5.5;122;6.4;5963;5.5;3912;5.4;740;5.7
"tt1502407";"Movie";2018;"Halloween";"Horror,Thriller";"R";"Halloween is a movie starring Jamie Lee Curtis, Judy Greer, and Andi Matichak. Laurie Strode confronts her long-time foe Michael Myers, the masked figure who has haunted her since she narrowly escaped his killing spree on Halloween...";"2018-10-17";"trick or treating,masked murderer,violence,serial murder,gore";"PT1H46M";82994;6.7;363;7.2;22036;6.8;26385;6.5;6246;6.5;50419;6.6;270;7.3;17432;6.8;22479;6.5;5276;6.5;8797;6.6;35;6.9;3629;6.6;3301;6.5;785;6.7
"tt0437086";"Movie";2019;"Alita: Battle Angel";"Action,Adventure,Romance,Sci-Fi,Thriller";"PG-13";"Alita: Battle Angel is a movie starring Rosa Salazar, Christoph Waltz, and Jennifer Connelly. A deactivated female cyborg is revived, but cannot remember anything of her past life and goes on a quest to find out who she is.";"2019-02-05";"based on manga,cyborg,cyberpunk,adaptation,dystopia";"PT2H2M";82439;7.6;360;7.6;20365;7.4;25621;7.6;6542;7.7;50474;7.5;208;7.4;16057;7.4;22055;7.6;5708;7.7;7277;7.5;50;7.8;2956;7.4;2708;7.5;606;7.6
"tt6412452";"Movie";2018;"The Ballad of Buster Scruggs";"Comedy,Drama,Musical,Mystery,Romance,Western";"R";"The Ballad of Buster Scruggs is a movie starring Tim Blake Nelson, Willie Watson, and Clancy Brown. Six tales of life and violence in the Old West, following a singing gunslinger, a bank robber, a traveling impresario, an elderly...";"2018-11-09";"new mexico desert,new mexico territory,arizona desert,arizona territory,episodic structure";"PT2H13M";81851;7.3;225;7.6;21407;7.4;26280;7.2;8948;7.3;53839;7.3;186;7.6;18360;7.4;23085;7.2;7658;7.3;6829;7.2;19;6.9;2440;7.3;2655;7.2;1056;7.2
"tt2548396";"Movie";2018;"The Cloverfield Paradox";"Drama,Horror,Mystery,Sci-Fi,Thriller";"PG-13";"The Cloverfield Paradox is a movie starring Gugu Mbatha-Raw, David Oyelowo, and Daniel Brühl. Orbiting a planet on the brink of war, scientists test a device to solve an energy crisis, and end up face-to-face with a dark alternate...";"2018-02-04";"energy crisis,particle accelerator,space station,alternate dimension,alternate reality";"PT1H42M";81437;5.6;184;4.8;18282;5.5;31345;5.6;7828;5.6;55637;5.6;160;4.8;15806;5.5;27781;5.6;6892;5.6;6724;5.7;18;4.5;2184;5.7;3062;5.7;788;5.8
"tt1590193";"Movie";2018;"The Commuter";"Action,Mystery,Thriller";"PG-13";"The Commuter is a movie starring Liam Neeson, Vera Farmiga, and Patrick Wilson. An Insurance Salesman/Ex-Cop is caught up in a criminal conspiracy during his daily commute home.";"2018-01-10";"conspiracy,train,passenger train,money,hostage";"PT1H45M";80355;6.3;145;6.9;17709;6.4;29482;6.2;9130;6.3;52957;6.3;124;6.8;14565;6.4;25753;6.2;7884;6.3;8265;6.5;15;7.5;2898;6.6;3337;6.4;1088;6.5
"tt2854926";"Movie";2018;"Tag";"Comedy";"R";"Tag is a movie starring Jeremy Renner, Ed Helms, and Jake Johnson. A small group of former classmates organize an elaborate, annual game of tag that requires some to travel all over the country.";"2018-06-14";"tag the game,friendship,fake pregnancy,hand job,girl";"PT1H40M";78558;6.6;238;7.0;21733;6.7;25954;6.4;5895;6.3;47640;6.5;165;6.9;16860;6.7;21525;6.4;4812;6.2;10686;6.7;48;7.4;4435;6.8;4066;6.6;972;6.6
"tt5164432";"Movie";2018;"Love, Simon";"Comedy,Drama,Romance";"PG-13";"Love, Simon is a movie starring Nick Robinson, Jennifer Garner, and Josh Duhamel. Simon Spier keeps a huge secret from his family, his friends and all of his classmates: he's gay. When that secret is threatened, Simon must face...";"2018-03-16";"gay,gay interest,gay teenager,closeted homosexual,based on novel";"PT1H50M";78552;7.6;568;8.3;24962;7.7;17930;7.4;4923;7.4;34586;7.5;233;7.9;14350;7.6;12789;7.4;3799;7.3;18240;7.8;278;8.7;9953;7.9;4836;7.7;1025;7.6
"tt7040874";"Movie";2018;"A Simple Favor";"Comedy,Crime,Drama,Mystery,Thriller";"R";"A Simple Favor is a movie starring Anna Kendrick, Blake Lively, and Henry Golding. Stephanie is a single mother with a parenting vlog who befriends Emily, a secretive upper-class woman who has a child at the same elementary school....";"2018-09-12";"drowning,female friendship,missing friend,missing woman,missing person";"PT1H57M";77649;6.9;206;7.2;22041;6.9;24126;6.8;6315;6.9;37661;6.8;81;7.1;12397;6.8;17155;6.7;4747;6.8;18777;7.1;79;7.2;8757;7.1;6389;7.0;1403;7.2
"tt6628394";"Movie";2018;"Bad Times at the El Royale";"Crime,Drama,Mystery,Thriller";"R";"Bad Times at the El Royale is a movie starring Jeff Bridges, Cynthia Erivo, and Dakota Johnson. Circa 1969, several strangers, most with a secret to bury, meet by chance at Lake Tahoe's El Royale, a rundown hotel with a dark past....";"2018-10-05";"one way mirror,neo noir,hotel,hotel room,ptsd";"PT2H21M";77583;7.1;188;7.8;20372;7.2;26468;7.0;7049;7.2;49332;7.1;149;7.8;16492;7.2;22568;7.0;5910;7.1;8665;7.2;21;7.7;3377;7.2;3403;7.0;978;7.3
"tt4701182";"Movie";2018;"Bumblebee";"Action,Adventure,Sci-Fi";"PG-13";"Bumblebee is a movie starring Hailee Steinfeld, Jorge Lendeborg Jr., and John Cena. On the run in the year of 1987, Bumblebee finds refuge in a junkyard in a small Californian beach town. Charlie, on the cusp of turning 18 and...";"2018-12-13";"spin off,one word title,teenage girl,interspecies friendship,insect in title";"PT1H54M";77462;6.9;375;7.7;19632;7.0;25540;6.8;5458;6.8;48820;6.9;260;7.6;16221;7.0;22231;6.8;4672;6.8;6585;7.2;41;7.7;2462;7.2;2612;7.1;618;7.4
"tt5758778";"Movie";2018;"Skyscraper";"Action,Adventure,Thriller";"PG-13";"Skyscraper is a movie starring Dwayne Johnson, Neve Campbell, and Chin Han. A security expert must infiltrate a burning skyscraper, 225 stories above ground, when his family is trapped inside by criminals.";"2018-07-11";"fire,skyscraper,evil man,terrorism,disability";"PT1H42M";76615;5.8;553;7.2;16859;5.9;26857;5.7;8557;6.0;48911;5.8;410;7.2;13666;5.8;23169;5.7;6853;5.9;8694;6.2;117;8.1;2848;6.2;3266;5.9;1565;6.7
"tt5848272";"Movie";2018;"Ralph Breaks the Internet";"Animation,Adventure,Comedy,Family,Fantasy";"PG";"Ralph Breaks the Internet is a movie starring John C. Reilly, Sarah Silverman, and Gal Gadot. Six years after the events of "Wreck-It Ralph," Ralph and Vanellope, now friends, discover a wi-fi router in their arcade, leading them...";"2018-11-21";"wifi,sequel,disney princess,computer animation,3d animation";"PT1H51M";75676;7.1;406;7.4;21679;7.2;23349;7.1;4469;7.0;44036;7.1;258;7.3;16044;7.2;19277;7.0;3798;7.0;9902;7.3;61;7.8;4629;7.3;3455;7.2;521;7.1
"tt1259528";"Movie";2018;"Den of Thieves";"Action,Crime,Drama,Mystery,Thriller";"R";"Den of Thieves is a movie starring Gerard Butler, Pablo Schreiber, and O'Shea Jackson Jr.. A gritty crime saga which follows the lives of an elite unit of the LA County Sheriff's Dept. and the state's most successful bank robbery...";"2018-01-18";"strip club,los angeles california,breasts,cleavage,scantily clad female";"PT2H20M";67203;7.0;86;7.1;13997;7.0;25771;6.9;7125;6.9;46445;7.0;73;7.0;12439;7.0;23307;6.9;6279;6.9;4805;6.9;9;7.6;1377;6.9;2130;6.9;732;7.0
"tt6857112";"Movie";2019;"Us";"Horror,Thriller";"R";"Us is a movie starring Lupita Nyong'o, Winston Duke, and Elisabeth Moss. A family's serene beach vacation turns to chaos when their doppelgängers appear and begin to terrorize them.";"2019-03-20";"home invasion,survival horror,scissors,hall of mirrors,mother son relationship";"PT1H56M";65437;7.4;257;7.9;21258;7.5;16679;7.2;3673;6.8;37225;7.3;184;7.9;16500;7.5;13718;7.2;2921;6.8;7901;7.4;31;7.3;3794;7.6;2517;7.3;625;7.0
"tt6343314";"Movie";2018;"Creed II";"Drama,Sport";"PG-13";"Creed II is a movie starring Michael B. Jordan, Sylvester Stallone, and Tessa Thompson. Under the tutelage of Rocky Balboa, heavyweight contender Adonis Creed faces off against Viktor Drago, son of Ivan Drago.";"2018-11-21";"baby,boxing match,boxer,training montage,boxing ring";"PT2H10M";64211;7.3;250;8.3;17434;7.5;20640;7.1;4458;6.9;41961;7.2;184;8.2;15065;7.5;18547;7.0;3840;6.9;3977;7.4;11;8.1;1500;7.6;1550;7.2;453;7.2
"tt6266538";"Movie";2018;"Vice";"Biography,Comedy,Drama";"R";"Vice is a movie starring Christian Bale, Amy Adams, and Steve Carell. The story of Dick Cheney, an unassuming bureaucratic Washington insider, who quietly wielded immense power as Vice President to George W. Bush, reshaping the...";"2018-12-25";"u.s. vice president,iraq war,hit by a car,heart attack,hospital";"PT2H12M";59670;7.2;153;7.6;16511;7.2;18684;7.2;6197;7.1;37234;7.2;121;7.5;13481;7.2;15626;7.2;4991;7.1;6844;7.3;18;7.2;2480;7.2;2649;7.3;1049;7.2
"tt1571234";"Movie";2018;"Mortal Engines";"Action,Adventure,Fantasy,Sci-Fi,Thriller";"PG-13";"Mortal Engines is a movie starring Hera Hilmar, Robert Sheehan, and Hugo Weaving. In a post-apocalyptic world where cities ride on wheels and consume each other to survive, two people meet in London and try to stop a conspiracy.";"2018-12-05";"steampunk,post apocalypse,capitalism,social commentary,machine";"PT2H8M";59606;6.2;177;6.6;14179;6.2;21269;6.1;5504;6.3;38362;6.1;108;6.1;11300;6.2;18303;6.0;4784;6.3;5990;6.4;26;7.7;2275;6.4;2440;6.3;555;6.7
"tt1488606";"Movie";2019;"Triple Frontier";"Action,Adventure,Crime,Drama,Thriller";"R";"Triple Frontier is a movie starring Ben Affleck, Oscar Isaac, and Charlie Hunnam. Loyalties are tested when five former special forces operatives reunite to steal a drug lord's fortune, unleashing a chain of unintended consequences.";"2019-03-13";"theft,brazil,boat,chase,bare chested male";"PT2H5M";58777;6.5;106;7.3;12987;6.6;21402;6.4;5493;6.3;39040;6.5;76;7.4;11161;6.6;19039;6.4;4778;6.3;4246;6.3;7;6.9;1305;6.5;1865;6.2;565;6.4
"tt3846674";"Movie";2018;"To All the Boys I've Loved Before";"Drama,Romance";"TV-14";"To All the Boys I've Loved Before is a movie starring Lana Condor, Noah Centineo, and Janel Parrish. A teenage girl's secret love letters are exposed and wreak havoc on her love life.";"2018-08-17";"teenage boy,love letter,teen romance,netflix original,asian";"PT1H39M";58366;7.3;622;7.9;22038;7.3;11224;7.0;1753;7.0;14135;6.8;115;7.0;6682;6.9;4892;6.7;1007;6.7;24627;7.6;389;8.2;14314;7.6;6072;7.5;697;7.5
"tt6911608";"Movie";2018;"Mamma Mia! Here We Go Again";"Comedy,Musical,Romance";"PG-13";"Mamma Mia! Here We Go Again is a movie starring Lily James, Amanda Seyfried, and Meryl Streep. Five years after the events of Mamma Mia! (2008), Sophie prepares for the grand reopening of the Hotel Bella Donna as she learns more...";"2018-07-18";"sequel,younger version of self,hotel,grand opening,pregnancy";"PT1H54M";56122;6.8;404;7.6;16559;7.0;12544;6.5;6501;6.6;21381;6.5;133;7.1;7162;6.6;7511;6.3;4402;6.5;17609;7.2;211;8.1;8754;7.3;4696;6.9;1939;7.2
"tt4218572";"Movie";2018;"Widows";"Crime,Drama,Thriller";"R";"Widows is a movie starring Viola Davis, Michelle Rodriguez, and Elizabeth Debicki. Set in contemporary Chicago, amid a time of turmoil, four women with nothing in common except a debt left behind by their dead husbands' criminal...";"2018-11-06";"car chase,loose woman,harlot,based on tv series,heist";"PT2H9M";55899;7.0;105;7.5;13991;7.2;19020;6.9;6356;6.8;34840;7.0;80;7.6;11075;7.2;15800;6.9;5137;6.8;7085;7.0;22;7.3;2528;7.0;2783;6.9;1065;7.0
"tt0448115";"Movie";2019;"Shazam!";"Action,Adventure,Comedy,Fantasy";"PG-13";"Shazam! is a movie starring Zachary Levi, Mark Strong, and Asher Angel. We all have a superhero inside us, it just takes a bit of magic to bring it out. In Billy Batson's case, by shouting out one word - SHAZAM. - this streetwise...";"2019-04-02";"one word title,exclamation in title,origin of hero,shared universe,captain marvel a.k.a. shazam character";"PT2H12M";55103;7.7;371;8.1;17042;7.7;13489;7.5;2799;7.5;33130;7.6;282;8.1;14284;7.7;11688;7.5;2408;7.5;4381;7.7;26;7.9;2017;7.8;1448;7.6;316;7.9
"tt2531344";"Movie";2018;"Blockers";"Comedy";"R";"Blockers is a movie starring Leslie Mann, John Cena, and Ike Barinholtz. Three parents try to stop their daughters from losing their virginity on prom night.";"2018-03-28";"cowgirl sex position,female nudity,topless female nudity,sex scene,nubile";"PT1H42M";54548;6.2;150;6.5;13976;6.4;17494;6.1;4001;5.8;30306;6.1;89;6.4;10231;6.4;14267;6.0;3257;5.8;8066;6.3;51;6.6;3497;6.4;2984;6.2;674;6.1
"tt7668842";"Movie";2018;"Enes Batur Hayal mi Gerçek mi?";"Comedy";"";"Enes Batur Hayal mi Gerçek mi? is a movie starring Enes Batur, Bilal Hanci, and Atakan Özyurt. Enes Batur has to decide between going to college or being a professional Youtuber.";"2018-01-19";"";"PT1H50M";51227;5.7;1950;8.2;14621;4.9;3079;3.8;862;5.9;27139;5.0;1627;8.0;12369;4.5;2596;3.4;703;5.5;5060;8.3;316;9.8;2171;7.8;427;7.3;146;7.8
"tt4530422";"Movie";2018;"Overlord";"Action,Adventure,Horror,Mystery,Sci-Fi,War";"R";"Overlord is a movie starring Jovan Adepo, Wyatt Russell, and Mathilde Ollivier. A small group of American soldiers find horror behind enemy lines on the eve of D-Day.";"2018-11-03";"world war two,supernatural power,nazi,nazi occultism,supernatural horror";"PT1H50M";50159;6.7;112;7.2;11753;6.9;18132;6.6;4961;6.6;34419;6.7;80;7.2;10266;6.8;16388;6.6;4474;6.6;3187;6.8;14;7.4;1108;6.9;1381;6.7;358;6.7
"tt4139588";"Movie";2019;"Polar";"Action,Crime,Drama,Thriller";"TV-MA";"Polar is a movie starring Mads Mikkelsen, Vanessa Hudgens, and Katheryn Winnick. The world's top assassin, Duncan Vizla, is settling into retirement when his former employer marks him as a liability to the firm. Against his will, he...";"2019-01-25";"based on comic book,hitman,based on graphic novel,nipple piercing,assassin";"PT1H58M";49891;6.3;101;5.8;9804;6.2;17607;6.3;6261;6.4;32399;6.3;78;5.9;8111;6.2;15326;6.3;5416;6.3;4278;6.3;6;3.2;1254;6.2;1809;6.2;682;6.4
"tt4575576";"Movie";2018;"Christopher Robin";"Animation,Adventure,Comedy,Drama,Family,Fantasy";"PG";"Christopher Robin is a movie starring Ewan McGregor, Hayley Atwell, and Bronte Carmichael. A working-class family man, Christopher Robin, encounters his childhood friend Winnie-the-Pooh, who helps him to rediscover the joys of life.";"2018-08-01";"father daughter relationship,winnie the pooh,live action cgi hybrid,world war ii veteran,childhood";"PT1H44M";48532;7.3;211;7.8;13282;7.5;13939;7.1;4509;7.2;26112;7.2;143;7.6;9180;7.4;10764;7.1;3449;7.1;8721;7.6;47;8.5;3753;7.7;2919;7.4;974;7.6
"tt1413492";"Movie";2018;"12 Strong";"Action,Drama,History,War";"R";"12 Strong is a movie starring Chris Hemsworth, Michael Shannon, and Michael Peña. 12 Strong tells the story of the first Special Forces team deployed to Afghanistan after 9/11; under the leadership of a new captain, the team must...";"2018-01-17";"special forces,us military,heroes,behind enemy lines,us navy";"PT2H10M";48142;6.6;103;7.1;10570;6.7;16597;6.4;5871;6.6;32357;6.5;89;7.0;9181;6.7;14897;6.4;5103;6.6;3863;6.9;9;8.2;1242;6.9;1482;6.7;667;7.3
"tt1137450";"Movie";2018;"Death Wish";"Action,Crime,Drama,Thriller";"R";"Death Wish is a movie starring Bruce Willis, Vincent D'Onofrio, and Elisabeth Shue. Dr. Paul Kersey is an experienced trauma surgeon, a man who has spent his life saving lives. After an attack on his family, Paul embarks on his own...";"2018-03-01";"remake,miniskirt with heels,micro mini skirt,thin girl,tattooed trash";"PT1H47M";47960;6.4;69;6.3;7709;6.4;18853;6.3;7559;6.4;33219;6.3;58;6.5;6699;6.4;17048;6.3;6665;6.3;3649;6.6;7;4.6;906;6.6;1578;6.4;762;6.8
"tt4560436";"Movie";2018;"Mile 22";"Action,Adventure,Thriller";"R";"Mile 22 is a movie starring Mark Wahlberg, Lauren Cohan, and Iko Uwais. An elite American intelligence officer, aided by a top-secret tactical command unit, tries to smuggle a mysterious police officer with sensitive information out...";"2018-08-16";"cesium,hand grenade,martial arts,mixed martial arts,hand to hand combat";"PT1H34M";44773;6.1;84;5.9;8690;6.1;16589;6.1;5378;6.2;30561;6.1;65;5.8;7627;6.1;15005;6.1;4733;6.2;3102;6.3;8;6.5;850;6.3;1292;6.2;527;6.3
"tt6663582";"Movie";2018;"The Spy Who Dumped Me";"Action,Adventure,Comedy";"R";"The Spy Who Dumped Me is a movie starring Justin Theroux, Blanka Györfi-Tóth, and Vilma Szécsi. Audrey and Morgan are best friends who unwittingly become entangled in an international conspiracy when one of the women discovers the...";"2018-08-01";"shootout,spy comedy,spy,gun shooting,flashback";"PT1H57M";44626;6.0;116;7.3;11588;6.2;14831;5.8;4514;6.0;23349;5.8;52;6.8;6950;6.0;11038;5.7;3384;6.0;10100;6.5;49;8.1;4351;6.6;3552;6.3;1040;6.6
"tt5028340";"Movie";2018;"Mary Poppins Returns";"Comedy,Family,Fantasy,Musical";"PG";"Mary Poppins Returns is a movie starring Emily Blunt, Lin-Manuel Miranda, and Ben Whishaw. Decades after her original visit, the magical nanny returns to help the Banks siblings and Michael's children through a difficult time in...";"2018-12-19";"nanny,foreclosure,animated sequence,magic,family relationships";"PT2H10M";44402;7.0;188;7.3;9969;7.0;13385;6.9;5591;7.1;21615;6.9;98;7.3;6093;6.9;9266;6.7;4039;7.0;9604;7.3;45;7.2;3369;7.2;3710;7.2;1378;7.6
"tt6921996";"Movie";2018;"Johnny English Strikes Again";"Action,Adventure,Comedy";"PG";"Johnny English Strikes Again is a movie starring Rowan Atkinson, Ben Miller, and Olga Kurylenko. After a cyber-attack reveals the identity of all of the active undercover agents in Britain, Johnny English is forced to come out of...";"2018-09-13";"spy,sequel,third part,parody,spoof";"PT1H29M";44152;6.2;251;6.8;13831;6.3;12805;6.0;3283;6.1;28973;6.1;200;6.7;11606;6.3;11383;6.0;2893;6.1;3863;6.4;25;7.3;1885;6.5;1208;6.2;311;6.3
"tt2388771";"Movie";2018;"Mowgli";"Adventure,Drama,Fantasy";"PG-13";"Mowgli is a movie starring Christian Bale, Cate Blanchett, and Benedict Cumberbatch. A human child raised by wolves must face off against a menacing tiger named Shere Khan, as well as his own origins.";"2018-12-07";"";"PT1H44M";42957;6.5;151;6.8;12366;6.5;13611;6.4;2996;6.7;26076;6.5;108;6.5;9542;6.5;11377;6.4;2448;6.7;5396;6.7;26;8.2;2355;6.6;1890;6.6;481;7.1
"tt6679794";"Movie";2018;"Outlaw King";"Action,Biography,Drama,History,War";"R";"Outlaw King is a movie starring Chris Pine, Stephen Dillane, and Rebecca Robin. A true David vs. Goliath story of how the 14th century Scottish 'Outlaw King' Robert the Bruce used cunning and bravery to defeat the much larger and...";"2018-11-09";"scotland,scottish independence,medieval,medieval times,warfare";"PT2H1M";42912;7.0;67;7.3;9678;7.1;15356;6.9;4621;6.9;28093;6.9;57;7.2;8226;7.1;13355;6.9;3869;6.9;3943;7.0;5;8.0;1184;7.0;1697;7.0;647;7.1
"tt2386490";"Movie";2019;"How to Train Your Dragon: The Hidden World";"Animation,Action,Adventure,Comedy,Family,Fantasy";"PG";"How to Train Your Dragon: The Hidden World is a movie starring Jay Baruchel, America Ferrera, and F. Murray Abraham. When Hiccup discovers Toothless isn't the only Night Fury, he must seek "The Hidden World", a secret Dragon Utopia...";"2019-01-03";"sequel,finale,animal in title,overpopulation,dragon hunter";"PT1H44M";42733;7.7;350;8.5;13464;7.8;10927;7.5;2354;7.5;23142;7.6;201;8.3;9794;7.7;8556;7.4;1863;7.4;6313;8.1;61;8.7;2928;8.2;2042;8.0;401;8.2
"tt4477536";"Movie";2018;"Fifty Shades Freed";"Drama,Romance,Thriller";"R";"Fifty Shades Freed is a movie starring Dakota Johnson, Jamie Dornan, and Eric Johnson. Anastasia and Christian get married, but Jack Hyde continues to threaten their relationship.";"2018-02-07";"female nudity,sexual submissiveness,marry into money,sex scene,b cup";"PT1H45M";42399;4.5;223;5.3;13390;4.6;11535;4.3;2534;4.3;16983;4.0;85;4.3;6562;4.0;6902;3.9;1673;4.0;13463;5.4;109;6.2;6437;5.4;4413;5.2;799;5.5
"tt7959026";"Movie";2018;"The Mule";"Crime,Drama,Thriller";"R";"The Mule is a movie starring Clint Eastwood, Patrick L. Reyes, and Cesar De León. A 90-year-old horticulturist and Korean War veteran turns drug mule for a Mexican cartel.";"2018-12-14";"singing in a car,drug cartel,flower,old man,based on true story";"PT1H56M";42073;7.1;79;7.1;8762;7.0;14220;7.0;5962;7.2;27052;7.1;63;7.2;7302;7.0;12349;7.0;4978;7.2;3818;7.2;10;6.1;1083;7.1;1513;7.1;799;7.5
"tt3799232";"Movie";2018;"The Kissing Booth";"Comedy,Romance";"TV-14";"The Kissing Booth is a movie starring Joey King, Jacob Elordi, and Joel Courtney. A high school student is forced to confront her secret crush at a kissing booth.";"2018-05-11";"panties,short skirt,girl wears a miniskirt,micro miniskirt,woman wears a short skirt";"PT1H45M";41623;6.2;615;6.6;14840;6.1;7611;6.1;1523;6.3;9556;5.7;120;5.5;4491;5.7;3019;5.6;779;5.9;17692;6.5;407;7.1;9612;6.4;4403;6.5;702;7.0
"tt6998518";"Movie";2018;"Mandy";"Action,Fantasy,Horror,Mystery,Thriller";"Not Rated";"Mandy is a movie starring Nicolas Cage, Andrea Riseborough, and Linus Roache. The enchanted lives of a couple in a secluded forest are brutally shattered by a nightmarish hippie cult and their demon-biker henchmen, propelling a man...";"2018-09-13";"lumberjack,year 1983,cult,full frontal male nudity,male full frontal nudity";"PT2H1M";41579;6.6;68;7.0;9809;6.9;16113;6.5;3889;5.8;28829;6.6;56;7.0;8705;7.0;14432;6.5;3444;5.8;2971;6.2;6;6.7;905;6.5;1417;6.1;368;5.4
"tt5726086";"Movie";2018;"Insidious: The Last Key";"Horror,Mystery,Thriller";"PG-13";"Insidious: The Last Key is a movie starring Lin Shaye, Leigh Whannell, and Angus Sampson. Parapsychologist Dr. Elise Rainier faces her most fearsome and personal haunting yet, as she is drawn back to her ghostly childhood home,...";"2018-01-03";"brother sister relationship,psychic,father daughter relationship,key,ghost hunter";"PT1H43M";40579;5.7;169;5.8;12035;5.7;12186;5.7;2714;5.7;23501;5.6;124;5.5;8923;5.7;9848;5.6;2220;5.7;6247;5.9;37;6.7;2879;5.8;2142;6.0;446;6.2
"tt5220122";"Movie";2018;"Hotel Transylvania 3: Summer Vacation";"Animation,Adventure,Comedy,Family,Fantasy";"PG";"Hotel Transylvania 3: Summer Vacation is a movie starring Adam Sandler, Andy Samberg, and Selena Gomez. Count Dracula and company participate in a cruise for sea-loving monsters, unaware that their boat is being commandeered by the...";"2018-06-14";"third part,cruise ship,dracula character,dracula's daughter,volleyball";"PT1H37M";39902;6.3;222;6.4;10642;6.4;12543;6.2;2756;6.1;21236;6.1;142;5.9;7001;6.2;9654;6.1;2230;6.0;7458;6.7;55;7.7;3339;6.7;2644;6.6;463;6.7
"tt6452574";"Movie";2018;"Sanju";"Biography,Drama";"TV-MA";"Sanju is a movie starring Ranbir Kapoor, Paresh Rawal, and Manisha Koirala. Sanju is a biopic of the controversial life of actor Sanjay Dutt: his film career, jail sentence and personal life.";"2018-06-28";"papadum,actor,criminal,jail,underworld";"PT2H35M";39359;8.0;293;9.0;12929;8.1;5313;7.3;469;6.9;23315;7.9;261;8.9;11913;8.1;4786;7.3;380;6.9;2095;8.0;22;9.5;901;8.2;477;7.6;77;6.7
"tt6133466";"Movie";2018;"The First Purge";"Action,Horror,Sci-Fi,Thriller";"R";"The First Purge is a movie starring Y'lan Noel, Lex Scott Davis, and Joivan Wade. America's third political party, the New Founding Fathers of America, comes to power and conducts an experiment: no laws for 12 hours on Staten...";"2018-07-04";"anti trump film,murder,abuse of power,suspense,social commentary";"PT1H38M";39266;5.1;173;5.6;10498;5.3;12355;5.1;3037;4.9;23931;5.1;122;5.6;8234;5.2;10546;5.0;2607;4.9;4484;5.5;31;5.4;1968;5.5;1572;5.4;361;5.1
"tt7014006";"Movie";2018;"Eighth Grade";"Comedy,Drama";"R";"Eighth Grade is a movie starring Elsie Fisher, Josh Hamilton, and Emily Robinson. An introverted teenage girl tries to survive the last week of her disastrous eighth grade year before leaving to start high school.";"2018-08-03";"teenager,school,eighth grade,13 year old girl,vlog";"PT1H33M";39137;7.5;152;7.8;12908;7.7;10930;7.3;2931;7.2;23264;7.5;117;7.8;10046;7.7;9061;7.3;2369;7.2;5328;7.3;28;7.6;2623;7.5;1703;7.2;507;7.0
"tt8108198";"Movie";2018;"Andhadhun";"Crime,Thriller";"Not Rated";"Andhadhun is a movie starring Ayushmann Khurrana, Tabu, and Radhika Apte. A series of mysterious events change the life of a blind pianist who now must report a crime that was actually never witnessed by him.";"2018-10-04";"blind,pianist,murder,blackmail,love";"PT2H19M";39124;8.5;173;8.8;12994;8.7;7324;8.1;744;6.3;23907;8.4;147;8.9;11822;8.7;6656;8.1;632;6.3;2105;8.2;14;8.4;875;8.4;583;7.9;100;5.8
"tt5610554";"Movie";2018;"Tully";"Comedy,Drama,Mystery";"R";"Tully is a movie starring Charlize Theron, Mackenzie Davis, and Ron Livingston. A struggling mother of three forms an unexpected bond with the night nanny hired to help with her newborn baby.";"2018-05-03";"hapa,waitress fantasy,prego,oriental woman,bare midriff";"PT1H35M";39085;7.0;64;7.6;8878;7.2;15063;6.9;4483;6.7;22101;6.9;37;7.8;6010;7.2;11149;6.9;3461;6.7;8068;7.1;22;7.5;2742;7.3;3654;7.1;933;6.9
"tt4244998";"Movie";2018;"Alpha";"Adventure,Drama,Family";"PG-13";"Alpha is a movie starring Kodi Smit-McPhee, Jóhannes Haukur Jóhannesson, and Marcin Kowalczyk. In the prehistoric past, a young man struggles to return home after being separated from his tribe during a buffalo hunt. He finds a...";"2018-08-16";"prehistoric times,dog,wolf,prehistory,no title at beginning";"PT1H36M";38590;6.7;116;7.1;8974;6.8;13574;6.6;4128;6.7;24872;6.6;87;6.9;7189;6.8;11700;6.6;3496;6.6;4286;7.2;19;8.4;1586;7.2;1637;7.0;550;7.4
"tt7401588";"Movie";2018;"Instant Family";"Comedy,Drama";"PG-13";"Instant Family is a movie starring Mark Wahlberg, Rose Byrne, and Isabela Moner. A couple find themselves in over their heads when they foster three children.";"2018-11-16";"foster parent,adoption,parenting,childless couple,fertility";"PT1H58M";37970;7.4;128;8.1;10119;7.6;11772;7.2;3185;7.1;20732;7.3;67;7.9;6947;7.5;9155;7.2;2454;7.1;6571;7.6;37;8.2;2759;7.8;2359;7.5;643;7.5
"tt6791096";"Movie";2018;"I Feel Pretty";"Comedy,Romance";"PG-13";"I Feel Pretty is a movie starring Amy Schumer, Michelle Williams, and Emily Ratajkowski. A woman struggling with insecurity wakes from a fall believing she is the most beautiful and capable woman on the planet. Her new confidence...";"2018-04-19";"fat woman,confidence,woman wears a miniskirt,body positive,delusional woman";"PT1H50M";37859;5.4;109;5.3;9128;5.5;12278;5.5;3745;5.3;15466;5.0;57;4.2;4169;4.8;7244;5.1;2553;5.1;12038;6.2;45;7.4;4734;6.2;4817;6.1;1110;6.2
"tt5688932";"Movie";2018;"Sorry to Bother You";"Comedy,Fantasy,Sci-Fi";"R";"Sorry to Bother You is a movie starring LaKeith Stanfield, Tessa Thompson, and Jermaine Fowler. In an alternate present-day version of Oakland, telemarketer Cassius Green discovers a magical key to professional success, propelling...";"2018-07-13";"absurdism,social satire,satire,magical realism,oakland california";"PT1H51M";37429;7.0;91;7.5;11206;7.2;12085;6.8;3021;6.4;23872;7.0;71;7.6;9277;7.2;10316;6.8;2487;6.4;4151;7.0;16;7.0;1708;7.2;1580;6.8;464;6.6
"tt7043012";"Movie";2019;"Velvet Buzzsaw";"Horror,Mystery,Thriller";"R";"Velvet Buzzsaw is a movie starring Jake Gyllenhaal, Rene Russo, and Zawe Ashton. A supernatural force sets out to exact revenge against art profiteers attempting to exploit a series of paintings by an unknown artist.";"2019-02-01";"artist,satire,murder,death,gay";"PT1H53M";37036;5.7;125;5.4;10359;5.7;12033;5.8;3025;5.8;21868;5.7;88;5.3;7736;5.7;9675;5.7;2470;5.8;5346;5.8;23;5.3;2242;5.8;2072;5.9;470;5.9
"tt4532826";"Movie";2018;"Robin Hood";"Action,Adventure,Thriller";"PG-13";"Robin Hood is a movie starring Taron Egerton, Jamie Foxx, and Ben Mendelsohn. A war-hardened Crusader and his Moorish commander mount an audacious revolt against the corrupt English crown.";"2018-11-20";"robin hood character,little john character,will scarlet character,the sheriff of nottingham character,friar tuck character";"PT1H56M";36767;5.3;144;5.7;8599;5.5;12030;5.1;3591;5.2;21475;5.2;86;5.4;6302;5.4;9867;5.0;2924;5.1;4969;5.9;30;5.9;1893;6.1;1881;5.7;566;5.9
"tt3201640";"Movie";2018;"Extinction";"Action,Drama,Sci-Fi,Thriller";"TV-MA";"Extinction is a movie starring Michael Peña, Lizzy Caplan, and Amelia Crouch. A father has a recurring dream of losing his family. His nightmare turns into reality when the planet is invaded by a force bent on destruction. Fighting...";"2018-07-27";"invasion,massacre,electromagnetic pulse,reference to stephen hawking,little girl";"PT1H35M";36261;5.8;43;5.8;5669;5.8;14773;5.7;5363;5.9;24227;5.7;32;5.8;4557;5.7;12757;5.7;4631;5.9;3888;6.0;7;5.9;1029;6.0;1759;5.9;653;6.2
"tt5246700";"Movie";2018;"How It Ends";"Action,Adventure,Drama,Mystery,Sci-Fi,Thriller";"TV-MA";"How It Ends is a movie starring Theo James, Kat Graham, and Nancy Sorel. A desperate man tries to return home to his pregnant fiancée after a mysterious apocalyptic event turns everything to chaos.";"2018-07-13";"disaster,fiancee,journey,lawyer,father in law son in law relationship";"PT1H53M";35356;5.0;64;5.3;5853;4.9;13258;5.0;4901;5.2;21572;5.0;43;5.2;4273;4.9;10855;5.0;4034;5.2;5051;5.1;16;5.3;1445;4.9;2176;5.0;783;5.4
"tt2990140";"Movie";2018;"The Christmas Chronicles";"Adventure,Comedy,Family,Fantasy";"TV-PG";"The Christmas Chronicles is a movie starring Kurt Russell, Darby Camp, and Judah Lewis. The story of sister and brother, Kate and Teddy Pierce, whose Christmas Eve plan to catch Santa Claus on camera turns into an unexpected journey...";"2018-11-22";"christmas,santa claus,santa,christmas spirit,santa's sleigh";"PT1H44M";34740;7.1;110;6.7;6987;7.0;12022;7.0;4349;7.4;18412;7.0;66;6.5;4558;6.9;8917;6.9;3092;7.3;7028;7.4;27;7.2;2173;7.3;2854;7.4;1147;8.0
"tt1620680";"Movie";2018;"A Wrinkle in Time";"Adventure,Family,Fantasy,Sci-Fi";"PG";"A Wrinkle in Time is a movie starring Storm Reid, Oprah Winfrey, and Reese Witherspoon. After the disappearance of her scientist father, three peculiar beings send Meg, her brother, and her friend to space in order to find him.";"2018-03-08";"space time,based on novel,child prodigy,scientist,teenager";"PT1H49M";33981;4.2;140;4.0;6834;4.3;10443;4.2;4504;4.2;16456;3.9;89;3.7;4209;3.9;7144;3.9;3301;4.0;7831;5.1;45;5.3;2495;5.1;3131;5.0;1132;5.1
